<?xml version='1.0' encoding='UTF-8'?>
<?artifactRepository version='1.1.0'?>
<repository name='Robusta Update' type='org.eclipse.equinox.p2.artifact.repository.simpleRepository' version='1'>
  <properties size='2'>
    <property name='p2.timestamp' value='1453690162828'/>
    <property name='p2.compressed' value='false'/>
  </properties>
  <mappings size='3'>
    <rule filter='(&amp; (classifier=osgi.bundle))' output='${repoUrl}/plugins/${id}_${version}.jar'/>
    <rule filter='(&amp; (classifier=binary))' output='${repoUrl}/binary/${id}_${version}'/>
    <rule filter='(&amp; (classifier=org.eclipse.update.feature))' output='${repoUrl}/features/${id}_${version}.jar'/>
  </mappings>
  <artifacts size='2'>
    <artifact classifier='osgi.bundle' id='ntut.csie.robusta' version='1.6.9'>
      <properties size='3'>
        <property name='artifact.size' value='1538005'/>
        <property name='download.size' value='1538005'/>
        <property name='download.md5' value='9e52fe6cda2ebd79efc2f7f961ba8c3e'/>
      </properties>
    </artifact>
    <artifact classifier='org.eclipse.update.feature' id='ntut.csie.robusta' version='1.6.9'>
      <properties size='4'>
        <property name='artifact.size' value='4506'/>
        <property name='download.size' value='4506'/>
        <property name='download.md5' value='3bcb735a920d811586345ceaee6816ac'/>
        <property name='download.contentType' value='application/zip'/>
      </properties>
    </artifact>
  </artifacts>
</repository>
